Station,year,day,dir,0500-0515,0515-0530,0530-0545,0545-0600,0600-0615,0615-0630,0630-0645,0645-0700,0700-0715,0715-0730,0730-0745,0745-0800,0800-0815,0815-0830,0830-0845,0845-0900,0900-0915,0915-0930,0930-0945,0945-1000,1000-1015,1015-1030,1030-1045,1045-1100,1100-1115,1115-1130,1130-1145,1145-1200,1200-1215,1215-1230,1230-1245,1245-1300,1300-1315,1315-1330,1330-1345,1345-1400,1400-1415,1415-1430,1430-1445,1445-1500,1500-1515,1515-1530,1530-1545,1545-1600,1600-1615,1615-1630,1630-1645,1645-1700,1700-1715,1715-1730,1730-1745,1745-1800,1800-1815,1815-1830,1830-1845,1845-1900,1900-1915,1915-1930,1930-1945,1945-2000,2000-2015,2015-2030,2030-2045,2045-2100,2100-2115,2115-2130,2130-2145,2145-2200,2200-2215,2215-2230,2230-2245,2245-2300,2300-2315,2315-2330,2330-2345,2345-0000,0000-0015,0015-0030,0030-0045,0045-0100,0100-0115,0115-0130,0130-0145,0145-0200,0200-0215,0215-0230,0230-0245,0245-0300,0300-0315,0315-0330,0330-0345,0345-0400,0400-0415,0415-0430,0430-0445,0445-0500
Bond Street,2016,MTT,IN,8,12,23,31,37,48,61,71,89,107,127,149,172,188,209,222,234,244,260,277,300,318,344,372,402,434,480,525,569,605,646,677,711,740,778,812,847,869,914,955,997,1046,1133,1210,1300,1388,1570,1708,1920,2074,2272,2350,2357,2226,2124,1924,1692,1506,1373,1245,1128,1046,999,952,903,859,827,769,710,631,573,506,444,367,315,255,189,130,83,40,12,1,0,0,0,0,0,0,0,0,0,0,0,0,0,0
Bond Street,2016,MTT,OUT,7,25,57,129,225,365,544,718,860,1020,1211,1417,1690,1928,2042,2059,1954,1726,1477,1287,1127,1018,953,932,948,954,966,986,1029,1052,1070,1076,1082,1052,1019,982,963,934,929,931,937,942,966,977,1005,1035,1042,1069,1090,1126,1139,1167,1139,1088,979,855,712,579,467,374,313,264,224,191,166,145,131,118,108,98,88,79,70,62,51,42,31,23,14,8,4,2,0,0,0,0,0,0,0,0,0,0,0,0,0,0
Bond Street,2016,SAT,IN,8,13,18,21,22,27,31,35,38,42,43,43,44,49,55,63,75,92,113,137,163,190,217,248,283,322,366,415,464,524,589,649,698,744,778,807,838,884,940,1007,1073,1144,1217,1288,1356,1434,1510,1573,1613,1637,1644,1635,1603,1562,1504,1425,1318,1211,1115,1031,949,888,852,821,782,743,699,647,585,534,493,462,424,383,349,308,262,215,178,142,114,90,69,48,25,8,0,0,0,0,0,0,0,0,0,0
Bond Street,2016,SAT,OUT,5,12,28,52,92,141,209,264,310,329,344,352,387,429,497,572,653,718,781,832,886,924,964,1001,1057,1100,1151,1200,1248,1288,1330,1347,1361,1358,1329,1301,1285,1252,1245,1251,1250,1249,1254,1235,1218,1190,1148,1107,1072,1009,954,898,839,777,725,658,597,536,478,426,381,335,292,253,217,191,174,162,153,144,133,124,111,102,87,76,63,50,37,30,26,22,19,16,11,6,2,0,0,0,0,0,0,0,0,0
Bond Street,2016,SUN,IN,8,11,15,17,19,21,25,28,31,33,35,36,37,38,44,53,63,74,86,100,112,126,142,157,172,190,212,244,282,331,382,435,480,527,567,611,650,691,725,766,801,840,884,937,974,1007,1035,1063,1064,1107,1189,1286,1302,1276,1159,977,757,601,490,421,363,322,280,255,237,230,221,215,202,191,185,181,172,154,119,80,44,16,0,0,0,0,0,0,0,0,0,0,0,0,0,0,0,0,0,0
Bond Street,2016,SUN,OUT,3,5,10,16,26,37,50,65,92,119,156,188,212,227,237,248,270,326,384,461,547,626,700,765,833,877,948,988,1037,1041,1041,1019,994,961,941,947,929,924,901,897,858,827,799,776,746,713,686,636,595,536,494,439,398,353,319,283,250,221,187,158,132,117,100,94,87,81,73,68,60,55,49,46,39,36,29,21,13,8,2,0,0,0,0,0,0,0,0,0,0,0,0,0,0,0,0,0
Tottenham Court Road,2016,MTT,IN,0,12,19,25,32,39,39,47,59,75,95,120,143,162,180,195,205,215,223,230,240,246,258,278,304,324,361,401,438,472,519,559,593,623,654,678,700,717,746,784,821,868,943,1016,1121,1213,1370,1515,1736,1923,2150,2296,2339,2234,2082,1846,1576,1369,1225,1103,1027,983,965,941,919,940,972,1019,1032,1012,942,857,735,624,538,446,316,204,120,55,5,0,0,0,0,0,0,0,0,0,0,0,0,0,0,0
Tottenham Court Road,2016,MTT,OUT,0,2,16,55,127,229,369,530,705,862,1010,1176,1353,1515,1650,1784,1861,1804,1674,1508,1310,1097,957,858,811,776,759,764,792,811,825,832,836,823,800,781,773,753,733,732,743,740,756,785,801,827,852,895,956,1035,1107,1201,1217,1185,1108,995,829,685,551,443,350,288,248,218,196,175,160,149,138,129,118,109,97,88,75,65,51,37,24,14,6,2,0,0,0,0,0,0,0,0,0,0,0,0,0,0
Tottenham Court Road,2016,SAT,IN,27,38,46,46,45,45,43,44,45,46,47,49,52,59,68,81,96,114,134,156,179,202,226,246,267,290,319,352,394,445,503,557,604,639,669,695,719,750,793,838,882,939,1006,1070,1125,1176,1237,1319,1395,1443,1465,1446,1366,1273,1195,1126,1049,986,932,883,845,823,811,799,794,837,937,1041,1105,1125,1098,1026,944,881,852,803,711,605,522,460,393,336,261,188,99,38,2,1,1,1,1,1,1,2,2,2
Tottenham Court Road,2016,SAT,OUT,8,16,32,48,69,100,139,184,230,268,287,298,294,293,304,339,391,458,533,608,678,739,789,835,883,937,973,1027,1088,1139,1177,1251,1292,1314,1333,1336,1311,1300,1258,1213,1186,1150,1104,1098,1085,1069,1064,1053,1037,1042,1024,997,984,977,951,936,911,867,803,737,674,615,567,524,491,457,429,406,385,363,337,315,292,271,242,222,190,154,117,93,73,60,51,40,28,14,5,1,0,0,0,0,0,0,0,0
Tottenham Court Road,2016,SUN,IN,33,44,53,53,48,46,45,47,48,50,52,52,51,54,60,70,82,99,117,136,154,169,184,196,203,209,222,245,291,359,427,482,525,551,565,585,615,661,715,772,821,869,898,911,913,924,941,973,1015,1078,1135,1155,1111,1032,919,801,711,679,668,660,635,601,564,533,498,473,460,442,419,408,402,384,342,261,182,109,44,0,0,0,0,0,0,0,0,0,0,0,0,0,0,0,0,1,1,1
Tottenham Court Road,2016,SUN,OUT,6,11,16,25,31,42,54,73,100,130,147,169,185,192,201,232,277,329,385,452,530,613,711,798,891,930,959,946,956,935,967,969,995,994,979,955,926,908,880,894,879,901,887,883,852,807,754,703,673,640,644,622,613,561,513,446,382,328,288,260,230,211,183,168,146,135,122,116,109,103,95,87,82,63,48,32,18,2,0,0,0,0,0,0,0,0,0,0,0,0,0,0,0,0,0,0
Oxford Circus,2016,MTT,IN,8,18,30,41,54,63,81,93,110,126,153,171,200,221,254,276,309,336,387,430,490,539,605,660,725,783,874,960,1055,1141,1247,1333,1411,1472,1554,1621,1675,1727,1810,1850,1885,1929,2055,2151,2304,2457,2811,2993,3345,3550,3808,3872,3938,3796,3743,3554,3309,3103,2970,2822,2688,2554,2488,2338,2168,2031,1941,1804,1670,1554,1455,1313,1152,991,830,655,452,287,166,74,9,1,0,0,0,0,0,0,0,0,0,0,0,0,0,0
Oxford Circus,2016,MTT,OUT,4,32,129,260,460,696,981,1249,1501,1769,2120,2553,3105,3584,3978,4214,4229,3939,3619,3179,2791,2423,2158,1985,1949,1888,1902,1941,1980,2005,2021,1999,2004,1968,1911,1885,1879,1822,1826,1833,1872,1921,1979,2034,2143,2167,2204,2277,2388,2469,2555,2628,2613,2457,2195,1912,1566,1248,981,799,655,538,458,389,330,282,245,214,195,176,158,140,124,102,85,67,51,36,24,13,6,2,0,0,0,0,0,0,0,0,0,0,0,0,0,0
Oxford Circus,2016,SAT,IN,31,43,55,59,58,62,66,69,69,72,74,74,76,83,95,112,132,162,199,244,294,350,413,483,558,638,734,836,945,1061,1179,1294,1407,1517,1625,1727,1819,1928,2056,2192,2345,2520,2695,2852,2996,3111,3236,3352,3447,3493,3533,3510,3425,3302,3190,3027,2834,2640,2505,2378,2244,2139,2060,1924,1764,1666,1605,1580,1570,1579,1569,1531,1438,1323,1224,1122,970,815,696,595,477,392,298,208,106,38,1,1,0,0,0,0,0,1,1,1
Oxford Circus,2016,SAT,OUT,16,44,81,124,177,259,335,411,472,511,522,545,578,641,758,923,1102,1311,1508,1681,1873,2035,2158,2336,2511,2623,2765,2876,2945,3044,3092,3096,3155,3133,3036,3015,2966,2880,2888,2894,2880,2892,2862,2816,2759,2689,2588,2544,2433,2358,2228,2131,1971,1866,1709,1577,1441,1324,1179,1080,982,873,787,707,629,574,530,497,485,462,436,411,373,323,286,247,199,162,126,107,80,78,63,52,28,18,3,1,0,0,0,0,0,0,0,0
Oxford Circus,2016,SUN,IN,37,50,61,64,62,64,66,70,70,71,71,71,69,71,75,82,93,111,134,159,186,217,250,279,300,326,369,434,523,641,773,905,1025,1134,1238,1339,1429,1523,1629,1736,1846,1970,2087,2186,2265,2320,2363,2385,2385,2471,2614,2704,2657,2563,2336,2021,1677,1462,1299,1167,1031,948,877,809,752,730,723,716,695,661,615,554,476,370,270,173,89,25,8,0,0,0,0,0,0,0,0,0,0,0,0,0,0,1,1,1
Oxford Circus,2016,SUN,OUT,10,19,27,48,57,84,109,153,195,250,283,312,335,351,384,443,541,658,788,910,1055,1179,1284,1474,1670,1873,2053,2245,2291,2376,2333,2311,2287,2283,2216,2244,2227,2169,2140,2089,2015,1966,1899,1835,1774,1710,1606,1565,1453,1360,1234,1148,1003,912,796,704,607,530,449,392,344,299,261,230,203,177,157,144,129,115,103,93,81,74,62,46,31,19,6,0,0,0,0,0,0,0,0,0,0,0,0,0,0,0,0,0
Marble Arch,2016,MTT,IN,2,7,14,22,31,40,48,60,76,94,114,143,167,182,194,198,191,179,175,171,169,167,171,174,180,183,193,202,209,212,221,229,236,243,252,264,272,282,300,320,340,369,414,451,488,518,566,591,639,678,732,738,724,673,619,536,465,416,379,348,325,307,297,288,278,274,280,274,271,254,237,210,184,151,134,108,78,53,33,12,2,0,0,0,0,0,0,0,0,0,0,0,0,0,0,0
Marble Arch,2016,MTT,OUT,0,1,4,19,62,111,170,240,313,361,433,496,579,621,644,627,599,515,446,387,340,300,282,273,277,277,279,281,289,290,288,285,284,278,274,272,276,277,275,281,293,296,311,331,337,346,363,364,378,385,395,399,395,370,349,308,261,224,191,164,144,131,120,110,103,98,95,90,93,89,86,77,73,57,47,34,27,16,10,5,3,1,0,0,0,0,0,0,0,0,0,0,0,0,0,0
Marble Arch,2016,SAT,IN,8,12,17,20,22,25,27,31,34,38,42,46,48,51,58,70,84,103,123,142,158,170,181,191,199,207,217,230,245,260,277,291,302,309,317,323,330,339,353,367,384,404,427,447,470,496,520,535,542,542,538,533,523,512,498,475,443,412,388,365,341,323,309,292,272,258,249,243,239,237,231,221,204,186,174,155,134,110,94,78,67,55,44,29,14,4,0,0,0,0,0,0,0,0,0,0
Marble Arch,2016,SAT,OUT,5,11,17,31,56,74,101,120,142,149,162,164,183,193,210,225,242,250,263,272,292,309,327,337,354,356,353,361,375,369,387,403,393,390,395,368,364,373,358,357,372,357,361,376,367,367,376,354,353,361,352,336,337,311,286,261,246,222,205,187,173,158,147,138,134,130,125,127,134,130,131,126,114,97,87,71,63,52,42,33,30,24,23,17,14,6,3,0,0,0,0,0,0,0,0,0
Marble Arch,2016,SUN,IN,9,13,18,21,24,26,29,32,35,38,41,43,45,50,55,64,75,91,108,126,144,159,169,177,179,182,186,193,197,207,218,228,234,244,254,266,276,288,298,314,330,349,368,387,398,406,413,422,423,436,454,475,470,461,428,389,331,301,277,263,232,215,188,164,139,131,123,121,118,124,128,127,117,94,66,38,15,1,0,0,0,0,0,0,0,0,0,0,0,0,0,0,0,0,0,0
Marble Arch,2016,SUN,OUT,5,8,15,20,35,42,63,70,88,99,114,115,141,146,159,163,179,173,185,196,216,231,245,264,269,289,294,316,313,320,315,313,314,317,330,323,340,329,340,326,327,316,314,304,299,301,285,282,266,259,235,223,205,189,173,160,149,132,124,109,103,91,87,78,79,73,74,71,73,67,64,58,52,41,30,21,12,4,0,0,0,0,0,0,0,0,0,0,0,0,0,0,0,0,0,0
Tottenham Court Road,2017,MTF,IN,0,5,20,31,30,27,33,51,68,87,104,129,165,206,220,220,229,256,267,261,251,258,271,291,315,356,382,431,478,545,578,617,648,688,699,720,764,806,811,849,921,1010,1031,1113,1196,1340,1369,1629,1823,2160,2303,2598,2670,2580,2177,1843,1600,1408,1216,1137,1090,1072,1026,1022,1000,959,871,948,1378,1546,1314,942,912,859,753,597,469,314,171,84,83,82,58,30,0,0,0,0,0,0,0,0,0,0,0,0
Tottenham Court Road,2017,MTF,OUT,0,0,36,78,140,209,351,467,553,666,886,1064,1265,1555,2169,2638,2842,2561,2234,1740,1319,1014,970,925,842,784,814,836,846,864,925,916,868,828,859,826,765,735,772,768,735,727,773,772,764,781,860,891,949,1049,1249,1367,1420,1370,1352,1247,1060,804,614,500,425,371,323,283,255,232,218,193,190,185,182,166,161,151,141,131,112,84,52,29,16,15,10,5,0,0,0,0,0,0,0,0,0,0,0,0
Tottenham Court Road,2017,SAT,IN,42,38,35,33,28,27,30,40,44,51,54,59,61,65,64,73,89,115,130,148,172,202,213,228,265,310,338,371,406,447,494,570,632,673,705,727,750,779,834,902,976,1029,1053,1119,1179,1218,1208,1243,1492,1629,1568,1375,1371,1344,1263,1173,1130,1087,991,898,880,873,835,804,803,773,711,782,1346,1591,1368,927,937,931,875,792,706,631,537,465,426,427,317,178,0,0,0,0,0,0,0,0,0,0,0,0
Tottenham Court Road,2017,SAT,OUT,10,11,20,34,48,89,143,186,220,288,351,313,231,211,294,344,377,446,610,694,693,684,781,818,814,844,977,1043,1065,1079,1154,1219,1263,1269,1306,1304,1244,1167,1149,1127,1085,1061,1087,1068,982,924,954,978,965,979,1033,1026,987,951,1006,1065,1048,921,822,756,686,605,571,512,452,396,377,352,335,320,312,308,284,256,234,224,183,154,121,107,77,71,41,23,0,0,0,0,0,0,0,0,0,0,0,0
Tottenham Court Road,2017,SUN,IN,62,52,41,42,42,39,37,45,50,51,50,52,51,56,56,63,71,93,107,122,136,160,168,170,180,191,185,196,245,301,436,546,572,520,535,578,608,632,656,703,822,927,952,919,940,978,983,1000,1002,1024,1105,1289,1312,1103,814,676,610,562,500,527,599,656,577,512,527,528,437,383,402,416,407,407,375,316,178,55,0,0,0,0,0,0,0,0,0,0,0,0,0,0,0,0,0,0,0,0
Tottenham Court Road,2017,SUN,OUT,9,12,15,21,23,42,59,73,73,116,180,202,165,149,188,214,220,253,358,425,457,501,713,853,866,769,830,881,863,816,878,926,956,965,967,905,840,798,814,818,787,756,803,808,748,668,626,605,566,537,533,534,530,517,508,441,364,309,278,248,212,181,155,138,127,121,113,97,88,78,74,71,71,65,56,49,0,0,0,0,0,0,0,0,0,0,0,0,0,0,0,0,0,0,0,0
Oxford Circus,2017,MTF,IN,5,23,43,53,52,55,64,100,128,142,142,173,209,245,251,275,305,358,381,438,490,561,589,648,703,784,839,948,1066,1171,1230,1349,1479,1563,1565,1619,1697,1777,1794,1909,2041,2178,2234,2503,2770,2964,2913,3219,3662,4171,4150,4140,4274,4371,4078,3773,3607,3262,2806,2618,2592,2499,2247,2175,2119,1970,1707,1664,1701,1677,1463,1299,1203,1086,880,696,565,370,190,79,77,72,51,25,0,0,0,0,0,0,0,0,0,0,0,0
Oxford Circus,2017,MTF,OUT,0,7,129,237,310,443,793,1019,1151,1419,2077,2681,3330,4100,5429,6504,6748,5925,5009,4017,3167,2610,2605,2493,2250,2069,2157,2198,2180,2157,2273,2255,2175,2060,2094,1984,1841,1727,1779,1751,1672,1668,1799,1797,1739,1765,1857,1815,1830,1989,2300,2512,2586,2473,2277,1930,1553,1203,965,783,652,538,454,383,326,279,250,225,214,212,205,185,162,146,124,101,76,70,56,37,13,13,13,5,0,0,0,0,0,0,0,0,0,0,0,0
Oxford Circus,2017,SAT,IN,45,44,45,49,45,46,53,71,80,78,68,71,77,85,88,99,118,150,175,220,271,331,371,432,485,552,641,761,858,964,1072,1184,1258,1329,1413,1554,1705,1753,1820,1964,2171,2367,2517,2676,2826,2989,2943,2885,2986,3194,3124,2981,2861,2866,2688,2656,2582,2458,2126,2009,2068,2009,1734,1597,1589,1486,1279,1296,1414,1519,1420,1281,1159,1108,1042,932,843,714,581,448,392,374,269,142,0,0,0,0,0,0,0,0,0,0,0,0
Oxford Circus,2017,SAT,OUT,21,35,75,98,96,176,329,406,386,439,574,597,526,579,820,986,1057,1196,1506,1702,1725,1792,2073,2268,2318,2393,2619,2738,2726,2695,2875,3023,3012,2883,2841,2881,2873,2812,2753,2802,2771,2759,2697,2624,2433,2372,2328,2295,2134,2093,2113,2077,1910,1783,1734,1667,1548,1382,1263,1156,1035,886,788,695,611,534,487,450,421,433,427,391,323,286,255,233,183,154,122,111,77,68,56,23,0,0,0,0,0,0,0,0,0,0,0,0
Oxford Circus,2017,SUN,IN,45,45,46,46,46,46,50,62,73,74,65,64,66,66,61,71,89,105,119,139,164,189,214,239,269,290,297,346,469,612,717,844,956,1044,1110,1196,1290,1372,1462,1541,1662,1765,1839,1926,2044,2139,2176,2222,2251,2183,2131,2521,2847,2628,1932,1603,1419,1219,968,900,865,790,672,631,624,645,622,598,547,561,537,497,435,379,244,108,26,15,8,6,1,0,0,0,0,0,0,0,0,0,0,0,0,0,0,0
Oxford Circus,2017,SUN,OUT,20,24,24,35,34,67,94,129,116,173,290,344,285,266,370,420,440,551,828,929,902,918,1180,1401,1620,1817,2126,2265,2241,2139,2190,2204,2104,2053,2101,2088,2019,1974,1962,1872,1802,1739,1700,1602,1474,1375,1318,1238,1137,1028,928,813,730,674,669,621,541,451,396,341,291,253,234,204,174,152,143,129,110,97,89,82,71,61,84,88,62,14,3,5,6,3,0,0,0,0,0,0,0,0,0,0,0,0,0,0
Bond Street,2017,MTF,IN,13,20,24,30,40,46,51,73,92,109,124,149,173,206,223,233,232,252,262,274,283,315,336,361,389,432,467,523,576,634,662,693,727,777,816,854,884,911,918,958,1012,1074,1105,1208,1333,1447,1502,1775,2084,2417,2623,2795,2744,2485,2128,1842,1640,1419,1197,1097,1080,1023,903,849,843,835,758,712,654,640,556,478,410,370,298,242,202,146,77,32,19,19,13,6,0,0,0,0,0,0,0,0,0,0,0,0
Bond Street,2017,MTF,OUT,0,15,69,130,180,278,458,584,675,869,1204,1443,1632,1938,2484,2795,2603,2061,1696,1400,1148,1016,1079,1057,950,901,952,986,996,1033,1087,1050,970,918,945,909,841,795,824,797,758,750,804,790,768,776,844,839,847,920,1063,1141,1123,1063,986,854,679,521,424,341,279,227,193,160,136,127,116,103,92,92,95,87,71,61,56,47,34,30,23,14,6,7,6,3,0,0,0,0,0,0,0,0,0,0,0,0
Bond Street,2017,SAT,IN,20,18,16,18,22,25,27,36,44,44,37,41,47,51,50,54,60,77,94,111,130,159,189,222,254,287,327,369,427,477,536,621,696,725,704,709,738,780,831,913,1016,1099,1171,1216,1300,1357,1333,1366,1516,1589,1489,1457,1468,1447,1340,1287,1239,1150,990,900,892,839,722,680,689,706,651,590,516,477,426,385,371,352,302,248,224,207,180,142,125,121,87,42,0,0,0,0,0,0,0,0,0,0,0,0
Bond Street,2017,SAT,OUT,9,14,35,56,67,109,186,228,235,280,385,414,403,413,502,520,520,577,738,788,741,730,860,922,906,900,1010,1073,1099,1125,1200,1199,1195,1207,1227,1166,1096,1078,1108,1130,1121,1117,1094,1036,961,907,886,864,832,806,804,774,712,664,641,596,532,474,427,380,331,281,245,208,179,158,151,132,117,116,125,113,93,81,80,74,63,50,42,38,30,26,16,12,0,0,0,0,0,0,0,0,0,0,0,0
Bond Street,2017,SUN,IN,23,19,17,22,22,24,25,32,36,39,33,32,32,32,32,49,63,72,72,83,95,115,128,140,154,175,188,210,259,301,335,383,438,479,521,562,591,627,681,727,768,781,793,830,881,910,922,963,1000,1006,963,1123,1325,1407,1144,849,595,497,417,362,312,281,242,220,213,212,205,193,178,162,152,160,167,151,121,71,23,0,1,0,0,0,0,0,0,0,0,0,0,0,0,0,0,0,0,0
Bond Street,2017,SUN,OUT,10,11,16,27,29,46,56,70,58,96,180,234,196,163,194,217,224,289,426,475,463,482,663,735,720,700,839,918,889,813,796,814,799,770,798,854,809,749,756,787,740,682,648,625,586,550,524,487,441,391,358,317,295,278,267,245,212,175,152,131,109,87,81,74,68,64,57,54,47,42,45,50,44,33,37,43,31,8,0,2,2,0,0,0,0,0,0,0,0,0,0,0,0,0,0,0
Marble Arch,2017,MTF,IN,0,6,13,22,27,39,46,63,77,102,120,148,175,211,219,205,184,175,163,156,154,159,152,146,147,164,170,183,196,211,211,216,219,233,238,258,272,293,295,312,335,362,392,452,492,502,502,611,661,724,712,759,731,704,611,541,492,448,400,378,373,361,334,333,344,351,324,408,478,460,311,233,199,180,145,117,95,57,21,5,7,7,4,1,0,0,0,0,0,0,0,0,0,0,0,0
Marble Arch,2017,MTF,OUT,0,0,3,30,74,115,160,199,246,343,454,492,478,508,616,683,643,526,442,368,301,275,289,281,252,248,263,269,259,263,273,268,249,253,271,270,255,260,275,269,256,268,294,302,285,286,311,326,334,352,401,428,440,438,430,390,335,281,236,191,166,144,131,115,107,102,98,91,88,92,94,85,72,61,52,41,30,22,14,6,2,2,2,2,0,0,0,0,0,0,0,0,0,0,0,0
Marble Arch,2017,SAT,IN,12,11,12,18,22,26,26,31,35,45,45,47,46,51,54,64,78,98,106,116,134,155,157,156,170,184,189,199,221,228,240,271,309,307,292,302,322,328,330,355,377,392,403,423,430,431,465,501,516,499,484,469,483,484,464,447,430,397,356,337,326,318,298,279,270,256,222,267,284,296,245,241,199,175,154,140,124,100,87,82,78,69,47,24,0,0,0,0,0,0,0,0,0,0,0,0
Marble Arch,2017,SAT,OUT,10,11,15,29,43,58,79,94,115,152,206,192,154,144,184,192,172,171,205,229,229,249,282,294,274,278,300,324,317,324,352,371,351,322,333,346,347,319,305,297,294,289,296,299,291,284,280,284,280,290,297,285,266,251,247,230,229,213,187,162,142,133,123,117,106,107,102,96,89,97,104,100,87,74,64,54,53,46,40,35,36,31,23,14,0,0,0,0,0,0,0,0,0,0,0,0
Marble Arch,2017,SUN,IN,15,14,14,20,26,26,24,30,35,42,42,42,36,39,46,58,68,83,97,108,111,125,137,143,139,141,142,146,162,187,197,198,206,235,240,245,246,259,263,279,301,333,354,365,381,405,406,413,418,414,392,413,443,439,365,301,263,239,198,213,229,205,142,119,115,116,113,108,107,109,118,129,130,108,61,20,0,0,0,0,0,0,0,0,0,0,0,0,0,0,0,0,0,0,0,0
Marble Arch,2017,SUN,OUT,12,15,17,25,32,47,53,48,39,64,112,137,119,108,121,120,113,114,150,174,185,181,200,219,233,249,275,280,260,246,263,279,280,281,303,306,297,289,300,299,284,275,264,250,230,230,232,228,210,191,184,173,164,157,153,135,122,118,111,100,89,81,80,73,73,75,79,67,61,51,50,48,46,41,33,26,0,0,0,0,0,0,0,0,0,0,0,0,0,0,0,0,0,0,0,0
Tottenham Court Road,2018,MTT,IN,0,1,15,25,32,27,35,49,73,72,107,125,148,185,202,191,211,211,244,241,258,275,310,305,339,360,406,424,502,551,597,603,711,697,709,722,780,804,841,828,952,990,1047,1080,1323,1327,1553,1518,2146,2081,2602,2566,2806,2592,2217,1851,1706,1460,1263,1155,1181,1121,1067,1041,1121,1058,933,980,1505,1490,1026,852,826,698,561,479,371,288,29,0,0,0,0,0,0,0,0,0,0,0,0,0,0,0,1,0
Tottenham Court Road,2018,MTT,OUT,0,3,4,108,124,238,354,530,518,626,886,1179,1267,1680,2200,2989,2784,2723,2307,2010,1362,1037,1067,1028,830,813,819,880,845,906,947,952,806,853,853,854,744,718,741,758,659,674,705,763,682,722,807,835,817,974,1177,1313,1274,1382,1343,1206,948,665,488,406,321,273,243,224,181,170,168,146,130,125,140,118,106,100,90,80,63,41,41,1,0,0,0,0,0,0,0,0,0,0,0,0,0,0,0,0
Tottenham Court Road,2018,FRI,IN,0,0,23,33,33,31,43,46,70,65,88,113,130,170,178,185,202,209,249,240,266,274,292,312,339,360,399,433,523,547,618,635,715,703,764,757,849,867,859,903,1034,1073,1103,1126,1409,1394,1596,1604,2060,2050,2229,2165,2215,2110,1848,1706,1649,1468,1346,1190,1213,1147,1109,1072,1075,994,964,1084,1713,1980,1215,1099,1159,1073,974,858,764,708,578,448,420,405,329,280,259,245,221,230,239,223,187,136,121,89,88,53
Tottenham Court Road,2018,FRI,OUT,0,0,5,103,123,231,336,436,493,567,790,949,1070,1499,1904,2693,2526,2416,2078,1826,1284,1065,991,1006,809,833,857,967,804,886,945,1011,842,855,858,880,744,783,802,848,763,775,812,896,789,870,968,1020,1031,1253,1421,1593,1602,1605,1576,1454,1238,1033,842,767,612,560,512,477,382,365,364,299,273,276,253,253,224,212,188,190,148,115,108,69,86,52,59,30,41,23,36,22,28,21,21,13,15,12,14,13
Tottenham Court Road,2018,SAT,IN,39,37,28,32,32,32,34,34,45,36,54,56,57,60,64,69,90,114,134,156,198,206,228,241,247,295,320,342,413,432,490,545,613,636,687,692,728,776,828,901,937,971,1073,1060,1206,1227,1248,1274,1533,1784,1502,1403,1324,1251,1214,1168,1094,1037,985,876,880,897,849,805,820,764,739,773,1341,1774,1030,890,933,873,806,750,661,643,526,445,437,412,372,313,299,272,259,269,256,265,231,179,139,112,81,69
Tottenham Court Road,2018,SAT,OUT,12,11,21,37,53,71,143,184,152,193,236,244,154,208,281,356,307,409,600,710,637,676,755,855,776,809,975,1095,1107,1057,1161,1302,1165,1211,1202,1300,1182,1082,1050,1081,980,1022,1035,1022,912,863,916,1025,904,914,1006,1059,965,963,964,1074,981,829,715,686,641,557,547,479,406,384,330,324,287,288,264,284,255,233,242,217,157,132,133,104,98,57,67,47,40,31,37,30,28,22,26,18,17,11,18,11
Tottenham Court Road,2018,SUN,IN,59,50,51,46,53,45,67,59,52,43,42,43,47,53,63,66,83,96,121,130,152,174,173,181,200,211,190,209,280,332,422,561,573,561,556,591,661,685,718,774,899,918,878,901,959,985,972,980,1150,1192,1173,1201,1354,1065,823,680,650,584,620,674,771,594,507,468,460,576,435,411,445,434,426,436,366,292,214,6,0,0,0,0,0,0,0,0,0,0,0,0,0,0,0,0,0,0,0,0
Tottenham Court Road,2018,SUN,OUT,12,11,13,15,35,36,88,72,82,95,140,176,133,153,191,238,209,253,352,479,457,590,740,974,836,792,869,973,900,880,915,988,1005,986,918,913,855,831,847,845,843,858,806,759,660,621,632,635,576,546,596,634,615,486,448,412,358,305,270,248,208,199,165,145,117,115,112,109,87,88,79,60,64,55,48,42,0,0,0,0,0,0,0,0,0,0,0,0,0,0,0,0,0,0,0,0
Oxford Circus,2018,MTT,IN,1,20,45,41,55,58,67,94,132,120,144,162,212,240,255,244,315,321,393,375,478,508,599,591,689,727,811,855,1022,1093,1164,1183,1384,1437,1486,1443,1618,1623,1712,1720,1977,2021,2189,2282,2763,2736,3062,3042,3834,3816,3917,3929,4032,3706,3859,3382,3564,3035,2644,2378,2524,2372,2126,1949,2104,1781,1574,1498,1601,1353,1289,1182,1131,869,674,527,385,279,37,1,0,0,0,0,0,0,0,0,0,0,0,0,0,0,0,0
Oxford Circus,2018,MTT,OUT,1,4,79,349,256,463,842,1266,1169,1507,2095,3104,3258,4107,5093,6602,6148,5536,4650,4128,2830,2420,2428,2521,2076,1962,2084,2179,1951,2014,2044,2097,1799,1848,1838,1910,1581,1603,1608,1693,1489,1539,1615,1647,1452,1598,1593,1726,1666,1834,2068,2165,2257,2165,2023,1706,1330,1061,822,683,536,432,353,302,239,219,185,171,148,156,172,146,112,106,88,68,51,37,55,4,0,0,0,0,0,0,0,0,0,0,0,0,0,0,0,0
Oxford Circus,2018,FRI,IN,1,25,49,42,63,60,75,92,129,119,134,166,206,222,251,238,306,341,384,412,503,542,612,638,742,776,872,931,1132,1210,1312,1347,1503,1540,1576,1641,1798,1838,1945,1968,2265,2260,2425,2535,3194,3161,3291,3345,3894,3999,3861,4036,3944,3891,3786,3225,3592,3149,2722,2496,2581,2513,2215,2029,2109,1893,1767,1620,2115,1859,1858,1687,1684,1552,1366,1137,979,885,649,493,436,382,312,253,226,204,187,167,161,184,160,113,102,83,76,56
Oxford Circus,2018,FRI,OUT,1,4,74,333,246,429,808,1151,1055,1354,1881,2490,2702,3732,4728,6196,5584,4779,4096,4103,2739,2514,2567,2666,2304,2322,2318,2518,2192,2321,2414,2510,2130,2114,2245,2150,1943,1955,1900,2049,1919,1958,2050,2069,1895,2050,2176,2209,2202,2459,2660,2800,2843,2689,2578,2278,1962,1707,1424,1319,1019,889,780,663,579,509,445,422,374,382,411,333,291,245,239,220,151,132,150,109,106,62,66,33,42,31,34,25,36,24,29,17,22,20,31,16
Oxford Circus,2018,SAT,IN,45,39,47,50,49,41,48,60,73,59,65,51,73,72,75,81,115,132,161,190,261,290,357,402,454,511,599,652,778,843,972,1046,1181,1224,1293,1374,1419,1489,1606,1779,1903,1977,2118,2243,2441,2541,2582,2522,2740,2721,2617,2538,2602,2532,2465,2296,2247,2024,1818,1724,1874,1741,1431,1324,1421,1229,1092,1029,1246,1277,1151,1116,1122,1028,950,778,710,709,509,403,357,348,273,235,208,182,173,146,146,169,141,117,98,82,73,59
Oxford Circus,2018,SAT,OUT,26,19,69,108,85,137,312,398,294,383,526,585,402,504,744,900,881,1071,1378,1595,1458,1599,1939,2211,2044,2131,2371,2624,2594,2499,2534,2695,2511,2585,2596,2612,2422,2364,2378,2486,2309,2314,2313,2317,2096,1950,1974,1998,1887,1806,1962,1853,1684,1616,1507,1503,1334,1210,1164,1050,902,806,704,571,513,447,405,388,346,335,360,339,270,244,241,211,154,124,146,110,114,50,55,34,44,27,40,24,31,20,27,20,27,17,18,15
Oxford Circus,2018,SUN,IN,52,52,55,48,50,54,55,66,77,71,62,46,62,62,60,65,80,106,113,151,173,197,217,243,302,302,302,311,491,611,693,843,970,1026,1092,1171,1309,1329,1460,1516,1667,1757,1815,1888,2025,2079,2057,2076,2193,2169,2208,2262,3106,2625,1888,1522,1572,1241,1070,924,928,836,762,655,666,643,602,650,598,554,601,653,463,365,284,94,8,1,0,0,0,0,0,0,0,0,0,0,0,0,0,0,0,0,0,0
Oxford Circus,2018,SUN,OUT,26,14,44,29,60,58,149,134,154,140,305,378,237,253,382,480,399,556,836,1114,877,1005,1273,1541,1634,1877,2155,2373,2133,2187,2162,2277,2086,2107,2040,2165,2023,1971,1896,1879,1745,1671,1752,1647,1464,1470,1436,1388,1262,1175,1022,882,807,783,742,725,588,486,424,371,320,282,242,215,193,162,134,130,117,102,92,82,63,62,54,131,42,0,0,0,0,0,0,0,0,0,0,0,0,0,0,0,0,0,0,0
Bond Street,2018,MTT,IN,4,24,23,28,39,47,52,61,96,110,125,143,175,199,224,213,234,239,269,264,290,312,335,336,386,411,456,485,588,608,638,626,683,739,767,725,836,849,869,892,1008,1040,1108,1128,1415,1392,1532,1663,2405,2196,2838,2762,2761,2625,2203,1797,1745,1454,1213,1064,1112,1053,880,829,901,845,846,700,659,566,576,456,451,377,291,240,184,142,61,13,0,0,0,0,0,0,0,0,0,0,0,0,0,0,0,0
Bond Street,2018,MTT,OUT,4,13,68,124,181,264,476,671,732,1005,1359,1633,1600,2037,2275,2849,2208,1888,1601,1502,1051,1009,1059,1116,910,923,963,1025,932,1035,1036,987,892,899,887,920,780,776,812,816,706,753,788,822,726,769,795,816,794,891,948,1004,1010,999,950,835,652,522,408,334,258,219,179,150,124,118,110,101,88,100,94,89,76,55,41,39,27,24,23,9,0,0,0,0,0,0,0,0,0,0,0,0,0,0,0,0
Bond Street,2018,FRI,IN,6,24,25,29,44,45,57,62,103,105,115,128,166,181,204,194,204,216,253,244,283,312,336,367,398,418,465,495,614,637,682,670,766,750,782,783,854,896,925,937,1142,1134,1193,1263,1569,1556,1700,1799,2438,2323,2700,2540,2570,2315,1977,1695,1714,1462,1270,1091,1123,1085,890,831,908,852,873,745,750,623,698,563,530,488,422,342,302,284,187,144,153,128,102,83,76,63,60,47,52,52,45,36,32,24,20,18
Bond Street,2018,FRI,OUT,3,13,61,128,181,248,449,656,721,958,1274,1457,1478,1837,2131,2640,2033,1725,1576,1440,1066,1063,1095,1186,940,1020,1044,1126,993,1088,1182,1104,994,961,1001,950,895,872,898,885,839,801,916,883,869,826,905,905,915,949,1116,1126,1089,968,969,896,777,617,519,484,361,333,276,226,204,178,172,136,135,125,126,140,113,96,96,82,64,57,59,40,35,26,22,17,20,11,13,12,11,10,11,6,11,7,12,12
Bond Street,2018,SAT,IN,20,17,16,19,29,25,35,30,47,42,39,32,35,47,49,54,60,73,91,124,147,154,196,221,252,298,312,362,426,491,548,642,801,741,721,756,784,832,837,930,999,1013,1073,1087,1252,1245,1267,1265,1415,1415,1390,1290,1364,1326,1241,1112,1096,1031,902,806,819,814,633,593,655,628,663,514,431,384,383,326,348,329,277,227,214,218,167,141,131,116,93,83,72,66,49,44,49,36,36,26,24,26,22,23
Bond Street,2018,SAT,OUT,11,11,32,54,55,99,194,248,213,314,429,437,355,379,498,525,450,528,650,760,615,687,785,952,817,897,1110,1185,1153,1123,1094,1175,1097,1087,1088,1070,1049,937,1066,1035,991,993,926,1012,864,886,821,795,751,774,707,691,625,618,541,529,459,404,414,326,287,268,216,185,158,150,148,123,107,104,109,114,95,88,81,77,71,46,49,35,50,26,21,15,16,10,18,11,11,8,10,8,30,10,12,6
Bond Street,2018,SUN,IN,26,19,17,18,27,27,37,34,36,36,32,32,38,37,39,41,56,102,84,82,117,116,150,149,163,169,199,213,280,345,389,436,526,553,585,610,687,688,728,744,817,869,883,914,1020,1044,1019,1063,1131,1133,1093,1137,1585,1519,1325,951,715,555,491,404,383,345,279,244,263,253,223,214,225,210,203,200,189,160,125,91,11,0,0,0,0,0,0,0,0,0,0,0,0,0,0,0,0,0,0,0
Bond Street,2018,SUN,OUT,10,8,27,22,43,36,91,65,95,98,233,264,186,157,227,261,241,296,481,571,472,547,736,865,714,805,932,1065,932,902,899,908,898,832,875,889,862,830,800,815,783,738,725,733,672,630,600,599,537,475,421,363,343,308,311,271,223,174,166,124,114,107,98,82,75,73,77,61,57,68,53,56,38,29,28,44,35,2,0,0,0,0,0,0,0,0,0,0,0,0,0,0,0,0,0,0
Marble Arch,2018,MTT,IN,0,0,16,21,32,38,48,57,82,87,116,157,180,207,240,201,196,186,179,149,160,170,174,157,164,158,178,178,211,233,211,207,242,244,252,227,254,276,276,294,333,344,379,412,524,495,516,527,682,626,804,710,772,646,544,484,429,370,334,302,298,269,242,226,249,229,222,208,238,218,250,168,164,155,137,106,80,57,6,0,0,0,0,0,0,0,0,0,0,0,0,0,0,0,0,0
Marble Arch,2018,MTT,OUT,0,0,2,18,83,121,160,248,264,334,438,511,434,515,591,715,574,453,439,365,284,246,273,279,237,229,242,260,232,257,265,243,224,235,252,260,221,230,248,249,228,239,253,266,230,252,281,303,259,293,300,328,332,346,341,282,228,202,164,160,129,123,105,101,95,92,96,96,80,93,90,99,65,54,49,34,27,22,14,0,0,0,0,0,0,0,0,0,0,0,0,0,0,0,0,0
Marble Arch,2018,FRI,IN,1,2,19,25,40,37,42,54,78,75,108,140,157,176,212,177,184,184,193,168,171,167,179,169,183,177,184,179,223,228,244,221,249,250,265,265,282,316,294,328,375,378,402,441,545,559,546,546,728,702,770,665,698,653,561,543,499,418,389,345,333,293,262,261,271,257,248,231,241,203,251,199,204,193,167,132,121,104,74,66,64,66,51,44,33,34,29,33,28,22,21,15,16,10,15,13
Marble Arch,2018,FRI,OUT,0,0,2,16,81,114,172,242,232,339,454,453,397,467,518,695,569,427,379,361,297,270,274,299,265,255,274,280,243,276,291,272,264,247,258,249,281,263,258,260,254,276,272,282,260,256,327,295,289,289,343,320,350,318,318,297,254,229,182,194,173,157,143,137,115,118,111,105,105,113,141,107,91,84,58,69,55,45,38,39,29,31,21,33,22,22,14,18,16,13,16,11,9,11,12,11
Marble Arch,2018,SAT,IN,11,9,16,18,30,22,23,31,32,46,44,48,58,52,66,67,81,117,132,142,149,181,200,190,192,198,221,217,259,262,290,304,358,348,293,316,329,359,338,387,397,403,437,366,483,444,450,516,517,527,499,493,499,507,483,469,427,393,344,315,327,307,261,229,244,251,214,220,226,185,261,182,165,166,151,115,120,98,91,66,71,60,57,52,46,41,36,36,33,31,28,24,16,15,13,13
Marble Arch,2018,SAT,OUT,5,10,17,21,40,56,87,141,113,147,192,185,144,142,202,233,167,196,229,268,264,263,297,311,283,262,308,334,334,302,344,349,310,320,323,324,307,291,324,311,320,313,334,300,285,317,311,315,285,269,314,284,272,245,240,244,232,186,194,158,143,150,145,121,125,111,117,113,114,110,125,127,92,92,70,76,68,48,41,57,30,51,24,36,18,19,18,23,16,15,18,19,9,16,14,11
Marble Arch,2018,SUN,IN,13,15,18,21,28,29,30,31,38,35,42,53,46,43,49,53,78,99,117,125,143,157,168,169,172,177,170,184,198,202,227,207,239,240,261,261,288,287,288,305,332,370,382,384,419,424,413,432,451,452,473,486,543,510,471,398,395,340,302,296,354,276,236,252,243,221,214,224,278,304,210,150,141,126,73,9,0,0,0,0,0,0,0,0,0,0,0,0,0,0,0,0,0,0,0,0
Marble Arch,2018,SUN,OUT,11,12,20,26,30,38,62,52,47,61,116,139,101,117,153,151,113,140,154,215,179,205,233,242,246,263,309,318,291,276,281,308,300,295,294,349,315,303,326,308,326,294,302,308,291,252,281,271,292,247,262,237,212,239,205,209,168,172,141,132,115,99,101,89,87,84,90,77,67,78,55,69,52,43,37,24,0,0,0,0,0,0,0,0,0,0,0,0,0,0,0,0,0,0,0,0
Tottenham Court Road,2019,MTT,IN,0,0,21,27,32,32,39,46,72,71,99,113,151,187,190,178,192,216,239,236,256,291,306,303,376,384,423,437,532,573,622,652,754,761,781,763,830,845,884,870,1019,1012,1118,1108,1394,1450,1647,1671,2278,2154,2532,2666,2864,2707,2251,1909,1791,1545,1375,1227,1312,1211,1197,1159,1283,1302,1138,1097,1475,1502,1093,860,883,760,607,453,363,279,28,0,0,0,0,0,0,0,0,0,0,0,0,0,0,0,0,0
Tottenham Court Road,2019,MTT,OUT,0,3,4,108,124,238,354,530,518,688,900,1218,1318,1690,2197,2996,2696,2774,2500,2168,1451,1171,1132,1123,890,869,857,1016,910,944,962,1107,924,982,953,952,793,806,775,819,706,730,781,787,731,805,877,894,878,1083,1279,1625,1516,1506,1513,1348,1018,716,526,438,342,306,270,227,202,186,181,156,142,136,150,137,118,115,93,89,56,51,42,3,0,0,0,0,0,0,0,0,0,0,0,0,0,0,0,0
Tottenham Court Road,2019,FRI,IN,0,0,28,35,45,34,41,48,69,68,94,111,130,174,189,167,176,210,243,220,251,287,329,308,347,389,420,438,527,582,609,658,743,755,791,790,887,917,948,942,1040,1161,1174,1207,1485,1501,1663,1714,2199,2151,2307,2244,2419,2245,1988,1739,1691,1518,1414,1321,1326,1237,1224,1155,1178,1200,1127,1176,1411,1723,1234,1147,1214,1127,975,852,770,672,550,439,431,398,335,280,271,256,240,234,208,237,179,134,111,90,74,55
Tottenham Court Road,2019,FRI,OUT,0,0,4,98,117,220,320,415,470,611,806,1046,1096,1481,1907,2688,2545,2353,2178,2033,1350,1198,1062,1116,895,925,913,1003,944,942,1000,1041,921,968,906,943,831,847,882,921,789,859,876,896,859,988,1036,1154,1100,1383,1531,1670,1804,1708,1710,1481,1330,1043,917,797,710,610,550,454,425,381,342,338,270,273,278,252,241,203,203,193,155,106,115,76,84,56,59,35,36,23,32,21,26,20,24,15,16,10,14,13
Tottenham Court Road,2019,SAT,IN,43,37,36,30,38,34,37,41,52,49,58,50,62,69,77,84,112,129,167,163,208,236,255,256,309,332,343,378,441,458,509,624,688,711,738,774,833,896,913,972,1002,1124,1154,1201,1345,1454,1472,1440,1634,1911,1707,1574,1506,1430,1391,1317,1317,1231,1126,1081,1043,1044,991,951,978,1076,1020,965,1312,1890,1165,1036,1074,998,919,809,756,694,558,471,446,447,391,335,290,279,268,265,259,259,221,184,143,125,69,61
Tottenham Court Road,2019,SAT,OUT,16,14,27,47,68,90,182,234,194,258,308,270,188,228,314,405,399,506,703,841,751,788,859,970,893,977,1103,1214,1289,1249,1296,1413,1357,1419,1417,1580,1388,1329,1257,1299,1139,1176,1205,1140,1072,1114,1082,1099,1106,1080,1152,1214,1125,1067,1120,1276,1118,959,889,820,770,711,582,576,474,437,364,351,343,308,307,278,287,263,218,227,157,142,138,139,120,86,77,52,57,35,37,30,39,43,30,24,43,14,20,11
Tottenham Court Road,2019,SUN,IN,48,43,43,46,46,38,55,58,55,45,44,44,56,52,64,68,90,106,128,133,148,168,166,181,215,213,204,201,293,347,455,542,589,563,593,620,715,709,754,820,946,960,955,964,1005,991,1037,1029,1145,1232,1312,1244,1321,1094,870,756,719,648,654,727,805,600,526,489,479,614,484,461,481,431,432,410,366,308,226,6,0,0,0,0,0,0,0,0,0,0,0,0,0,0,0,0,0,0,0,0
Tottenham Court Road,2019,SUN,OUT,14,13,15,18,40,42,103,84,95,92,171,166,142,150,205,242,238,311,401,525,501,564,803,1048,892,873,935,1085,903,971,980,1102,1110,1059,1041,992,962,905,923,928,887,927,887,817,706,687,676,649,628,577,626,674,599,496,468,448,391,299,328,271,234,199,173,152,135,128,115,106,95,82,79,81,80,68,63,50,0,4,1,0,0,0,0,0,0,0,0,0,0,0,0,0,0,0,0,0
Oxford Circus,2019,MTT,IN,1,23,44,43,63,73,85,100,153,131,143,175,215,232,270,256,312,325,365,383,501,525,590,609,722,770,845,895,1090,1131,1160,1160,1320,1350,1469,1488,1649,1722,1772,1798,2063,2065,2274,2358,2929,2870,3180,3127,4070,3781,3904,3651,3716,3947,3778,3603,3635,3140,2748,2391,2526,2335,2137,1941,2098,1756,1623,1554,1689,1419,1315,1101,1071,920,677,538,370,266,37,2,0,0,0,0,0,0,0,0,0,0,0,0,0,0,0,0
Oxford Circus,2019,MTT,OUT,1,5,82,363,266,481,875,1316,1215,1536,2159,3136,3317,4117,5192,6364,6409,5517,4838,4260,2763,2488,2458,2578,2111,2158,2122,2307,2029,2154,2035,2073,1701,1811,1871,1933,1633,1661,1686,1809,1547,1570,1655,1695,1532,1631,1720,1748,1677,1890,2105,2355,2383,2240,2085,1768,1365,1049,842,697,548,441,389,312,263,230,196,184,178,167,193,143,127,114,83,74,53,41,53,4,0,0,0,0,0,0,0,0,0,0,0,0,0,0,0,0
Oxford Circus,2019,FRI,IN,1,35,57,52,77,82,88,94,155,134,143,159,212,216,260,257,325,332,376,404,529,547,605,619,744,779,910,934,1139,1198,1271,1358,1491,1514,1579,1641,1821,1859,1885,1972,2241,2266,2368,2560,3197,3220,3399,3298,3836,3783,4096,3592,3303,3595,3266,3269,3376,2938,2681,2494,2541,2388,2080,1945,2107,1821,1677,1599,1815,1850,1772,1612,1586,1483,1280,1068,942,840,570,452,417,340,272,223,210,185,171,154,160,156,149,109,85,72,69,50
Oxford Circus,2019,FRI,OUT,1,4,81,366,271,473,890,1268,1163,1404,2035,2718,2718,3781,4777,6239,5488,4937,4112,4165,2780,2615,2502,2725,2270,2223,2309,2483,2304,2394,2336,2459,1988,2133,2117,2171,1943,1900,1928,2082,1858,1934,1992,2019,1892,1985,2113,2236,2158,2393,2624,2740,2757,2458,2284,2195,1961,1642,1408,1227,1013,919,780,703,593,507,453,386,370,387,418,352,298,285,261,215,167,139,148,100,95,61,64,36,41,36,33,20,29,17,25,17,21,19,32,29
Oxford Circus,2019,SAT,IN,56,67,58,50,62,61,69,73,88,80,85,71,85,84,88,96,142,153,192,219,302,340,391,446,513,598,693,792,885,998,1075,1184,1348,1394,1493,1543,1658,1772,1903,1942,2166,2319,2492,2596,2807,2966,2982,2971,3152,3125,3126,2912,2994,2975,2856,2674,2657,2509,2311,2178,2245,2214,1828,1705,1871,1642,1447,1412,1587,1862,1510,1403,1537,1313,1129,997,898,848,585,490,432,383,337,274,245,217,187,169,164,172,151,133,119,94,72,47
Oxford Circus,2019,SAT,OUT,30,22,80,124,97,158,359,458,338,460,670,726,521,621,925,1139,1077,1311,1681,2024,1771,1964,2253,2554,2449,2701,2893,3205,3192,3140,3200,3333,3157,3081,3109,3299,3027,3002,3022,2980,2901,2926,2924,2814,2729,2540,2603,2558,2392,2313,2379,2410,2236,2090,1982,2072,1797,1703,1468,1363,1184,981,848,757,670,557,523,455,420,412,416,424,328,306,251,228,187,167,160,143,111,86,80,42,52,30,45,52,30,23,34,20,48,18,26,16
Oxford Circus,2019,SUN,IN,51,50,54,51,54,64,65,61,89,78,69,53,66,64,64,70,95,113,123,143,186,202,220,242,307,309,294,323,506,631,758,868,990,1068,1172,1229,1340,1423,1473,1570,1661,1778,1856,1952,2079,2083,2114,2135,2190,2166,2189,2231,3009,2549,1940,1503,1536,1223,1017,900,874,773,709,655,668,604,574,577,586,752,941,715,453,357,282,98,5,0,0,0,0,0,0,0,0,0,0,0,0,0,0,0,0,0,0,0
Oxford Circus,2019,SUN,OUT,31,17,53,35,72,70,179,160,185,161,348,403,271,308,413,553,476,662,931,1193,917,1062,1322,1620,1682,1971,2278,2500,2133,2359,2234,2465,2178,2279,2216,2313,2097,2163,2017,1964,1822,1785,1696,1686,1550,1558,1500,1364,1273,1186,1008,898,787,754,754,680,582,497,441,394,315,305,254,231,210,177,166,133,119,127,114,99,82,72,73,132,30,0,1,0,1,0,0,1,0,0,0,0,0,0,0,0,0,0,0,0
Bond Street,2019,MTT,IN,5,32,28,31,53,43,52,59,101,100,120,134,172,199,225,209,232,226,256,252,277,301,330,330,376,396,443,480,565,585,627,632,702,717,738,721,853,852,886,866,1035,1021,1104,1179,1428,1481,1650,1660,2453,2167,2905,2710,2799,2394,2029,1814,1745,1441,1193,1047,1098,1027,870,808,891,767,735,663,706,690,670,462,445,376,300,227,174,129,52,3,0,0,0,0,0,0,0,0,0,0,0,0,0,0,0,0
Bond Street,2019,MTT,OUT,4,15,79,143,209,304,548,773,843,1031,1327,1676,1676,1896,2290,2904,2442,1921,1801,1575,1071,994,1079,1116,880,918,936,1015,934,1011,963,1029,937,962,983,982,778,810,832,822,706,698,802,805,737,754,787,855,788,799,970,1026,982,1055,965,866,653,505,387,327,263,203,179,146,128,121,113,101,85,93,91,83,65,53,42,39,30,20,29,5,0,0,0,0,0,0,0,0,0,0,0,0,0,0,0,0
Bond Street,2019,FRI,IN,7,34,30,25,46,42,54,58,101,91,113,124,141,175,188,187,203,204,236,240,269,310,319,328,373,412,440,465,561,588,624,639,723,718,754,771,857,852,937,917,1105,1103,1150,1266,1540,1557,1719,1704,2348,2192,2569,2273,2311,2199,1811,1578,1569,1357,1161,1054,1110,1027,838,796,832,757,736,663,740,768,815,575,533,467,393,329,301,254,177,141,138,105,85,74,75,53,52,47,69,58,48,29,24,21,18,20
Bond Street,2019,FRI,OUT,4,14,64,134,189,259,469,685,753,940,1206,1445,1432,1720,2040,2563,2181,1700,1514,1517,1076,1004,1095,1098,909,992,968,1082,961,1085,1052,1030,985,979,985,1044,838,834,853,852,831,798,842,887,824,838,873,910,848,936,1022,1060,1044,977,963,827,760,600,509,411,379,310,255,198,189,177,169,129,129,144,131,120,99,101,86,78,59,55,49,35,37,28,25,27,20,11,15,9,15,5,13,5,9,5,10,8
Bond Street,2019,SAT,IN,35,25,27,27,35,28,34,41,59,48,44,37,56,55,57,60,69,95,103,119,159,190,191,243,286,334,369,434,486,529,570,659,765,751,760,755,823,838,875,942,1108,1136,1177,1260,1368,1363,1377,1408,1511,1524,1504,1495,1495,1528,1388,1324,1319,1273,1128,1067,1044,1051,849,788,913,860,819,667,615,587,571,465,462,413,347,299,258,242,176,155,134,130,91,80,67,64,56,52,51,50,35,34,29,28,25,21
Bond Street,2019,SAT,OUT,13,14,38,65,66,120,235,299,258,357,492,491,426,438,584,623,538,648,787,875,759,809,981,1083,972,1084,1251,1329,1304,1311,1272,1338,1141,1199,1219,1205,1188,1257,1158,1195,1183,1113,1197,1102,1017,974,1006,965,873,841,867,827,783,736,708,673,639,600,461,416,368,282,265,214,206,162,152,134,112,116,126,110,80,100,81,72,60,45,50,37,33,26,27,13,19,12,26,21,14,16,16,10,13,9,11,9
Bond Street,2019,SUN,IN,20,13,19,18,31,29,31,36,46,36,31,35,39,34,35,41,52,101,82,89,108,114,130,152,147,165,193,212,263,305,390,400,479,524,563,573,609,651,653,731,794,824,861,890,945,971,1000,986,1067,1062,1033,1074,1494,1467,1253,858,703,549,448,387,418,368,298,283,283,284,292,324,269,235,209,208,203,181,125,83,8,0,0,0,0,0,0,0,0,0,0,0,0,0,0,0,0,0,0,0
Bond Street,2019,SUN,OUT,12,9,32,27,51,43,109,78,114,100,240,302,184,182,237,264,252,339,468,641,485,594,707,887,741,850,987,1039,984,968,913,1005,869,847,837,886,886,900,932,1025,761,787,757,697,663,607,612,538,518,450,381,364,315,303,297,266,243,191,184,147,123,101,101,89,80,81,68,64,60,48,57,50,44,31,33,51,37,4,0,0,1,0,0,0,0,0,0,0,0,0,0,0,0,0,0,0
Marble Arch,2019,MTT,IN,0,0,21,21,36,32,44,57,77,86,131,139,189,212,228,195,186,169,184,151,155,159,165,150,156,161,173,188,190,209,200,194,218,212,220,211,250,253,273,288,322,308,355,405,522,508,545,587,759,639,825,711,784,622,524,432,405,342,312,265,287,246,213,207,209,194,172,181,203,168,203,149,169,154,125,106,87,51,5,1,0,0,0,0,0,0,0,0,0,0,0,0,0,0,0,0
Marble Arch,2019,MTT,OUT,0,0,2,20,95,138,183,284,302,386,527,538,496,518,630,759,640,483,439,376,296,267,269,284,231,231,243,252,234,239,249,251,227,223,248,243,222,233,240,245,213,224,240,255,223,238,259,264,243,255,302,305,296,314,304,270,212,192,145,142,117,107,96,99,84,95,99,79,86,81,91,93,58,50,39,36,28,19,13,0,0,0,0,0,0,0,0,0,0,0,0,0,0,0,0,0
Marble Arch,2019,FRI,IN,0,0,25,33,37,31,37,50,70,70,107,134,150,181,187,171,167,170,173,150,172,173,177,164,172,170,184,190,210,233,215,220,234,231,252,254,262,267,292,299,345,336,384,441,585,579,574,549,703,647,805,694,715,582,536,453,452,385,354,321,319,269,262,227,232,218,206,206,230,202,239,173,194,188,165,137,126,94,80,64,58,49,36,46,40,33,26,29,26,21,21,17,16,12,17,15
Marble Arch,2019,FRI,OUT,0,0,2,19,96,136,204,287,275,386,510,507,434,518,584,716,588,448,401,386,304,278,279,298,247,256,272,260,258,262,265,261,239,251,264,278,228,236,265,246,252,252,281,273,233,273,275,288,265,272,309,332,321,305,286,279,258,221,209,191,156,157,133,120,109,117,111,107,110,120,109,108,87,74,55,58,48,38,43,39,27,31,32,25,19,18,19,21,16,15,11,13,9,10,12,10
Marble Arch,2019,SAT,IN,16,15,17,23,25,26,27,29,35,40,58,47,43,53,59,66,83,98,121,119,142,149,155,178,198,178,189,195,238,238,259,252,267,296,282,273,294,284,309,346,406,385,417,412,440,420,469,452,468,487,495,451,460,448,437,393,405,341,342,304,305,287,271,238,235,234,202,188,205,181,252,170,198,173,136,132,139,101,79,71,65,61,53,51,45,38,33,36,40,34,33,27,25,19,15,18
Marble Arch,2019,SAT,OUT,6,12,19,24,45,63,98,159,128,167,219,186,140,148,199,226,160,163,212,250,231,254,288,286,282,245,253,291,305,317,323,386,382,413,438,432,428,371,339,367,341,276,344,335,276,315,295,299,276,291,262,284,287,207,224,237,201,212,194,165,156,144,138,118,108,110,109,114,83,107,127,131,77,81,66,80,60,57,48,47,31,49,32,29,21,26,19,26,11,25,17,17,15,20,15,11
Marble Arch,2019,SUN,IN,16,15,15,24,28,25,26,29,33,37,49,42,40,46,49,61,70,87,112,113,132,146,140,145,148,162,167,148,181,195,208,216,220,198,220,247,264,258,248,266,289,306,337,338,358,352,368,338,395,403,412,432,497,451,392,306,265,247,218,194,253,166,138,114,136,101,108,101,126,117,116,110,105,111,63,7,0,0,0,0,0,0,0,0,0,0,0,0,0,0,0,0,0,0,0,0
Marble Arch,2019,SUN,OUT,11,11,19,25,29,36,59,50,45,61,106,126,97,117,134,138,131,120,135,174,155,189,264,234,193,275,252,298,265,261,252,288,280,277,295,302,298,301,346,300,290,257,255,253,243,197,262,239,231,217,197,189,181,171,168,158,121,127,113,105,95,88,85,71,75,73,85,73,58,59,60,50,44,44,30,26,1,0,0,0,0,0,0,0,0,0,0,0,0,0,0,0,0,0,0,0
Tottenham Court Road,2020,MTT,IN,0,0,7,9,9,8,13,22,28,19,24,26,35,38,36,27,31,29,32,31,32,32,36,36,44,53,49,49,69,63,63,67,93,85,84,78,96,88,97,101,126,130,165,208,251,246,322,422,363,255,242,258,301,193,167,135,136,101,86,81,92,65,63,50,83,49,39,37,39,32,28,19,17,16,9,7,10,7,2,0,0,0,0,0,0,0,0,0,0,0,0,0,0,0,0,0
Tottenham Court Road,2020,MTT,OUT,0,0,1,28,43,62,139,213,245,298,309,295,231,271,300,329,188,187,196,193,125,106,106,112,87,79,84,82,64,77,72,81,77,70,76,85,67,66,64,65,61,50,56,59,57,58,56,65,54,60,71,70,51,58,56,38,29,24,27,21,19,15,15,12,10,10,7,10,7,7,7,6,3,5,4,3,3,2,3,0,0,0,0,0,0,0,0,0,0,0,0,0,0,0,0,0
Tottenham Court Road,2020,FRI,IN,0,0,5,8,11,8,14,18,26,20,21,20,34,33,28,31,28,28,38,35,28,37,33,38,52,52,59,48,69,67,61,71,92,84,87,86,112,75,101,99,158,162,169,213,238,252,338,343,305,236,184,210,249,168,124,117,108,108,85,85,78,53,43,50,62,55,39,42,39,35,29,27,20,21,15,12,10,10,2,1,0,0,0,0,0,0,0,0,0,0,0,0,0,0,0,0
Tottenham Court Road,2020,FRI,OUT,0,0,1,26,46,56,140,194,238,286,283,266,198,230,283,273,173,160,174,142,124,104,104,103,74,73,74,75,62,58,73,73,67,71,68,89,61,68,72,68,68,74,58,57,49,66,49,71,57,55,76,56,53,46,52,47,39,45,37,27,19,22,9,21,12,15,12,11,7,12,15,12,8,6,5,7,6,3,7,1,0,0,0,0,0,0,0,0,0,0,0,0,0,0,0,0
Tottenham Court Road,2020,SAT,IN,0,0,5,6,10,6,9,20,23,12,13,9,17,15,9,9,13,10,15,14,15,17,21,19,25,34,31,32,48,52,62,99,108,58,82,64,109,77,67,77,72,69,69,89,92,88,83,89,103,83,78,88,71,77,100,92,63,66,54,41,54,41,39,34,30,31,28,31,30,36,26,12,18,19,10,9,11,7,3,0,0,0,0,0,0,0,0,0,0,0,0,0,0,0,0,0
Tottenham Court Road,2020,SAT,OUT,0,1,1,19,16,26,64,64,84,89,108,83,48,38,49,53,37,51,69,61,40,33,46,47,50,43,53,51,50,39,56,62,61,44,54,80,74,58,57,61,59,48,67,45,46,45,53,50,50,36,46,41,34,41,35,45,23,25,17,22,17,11,10,12,11,12,7,9,9,10,11,9,5,7,6,4,2,5,10,0,0,0,0,0,0,0,0,0,0,0,0,0,0,0,0,0
Tottenham Court Road,2020,SUN,IN,0,0,3,4,6,4,10,15,20,7,8,9,14,7,8,7,10,6,9,12,11,9,12,12,14,15,21,20,19,21,37,30,26,31,28,34,50,48,50,63,64,51,56,46,62,71,64,68,65,82,69,65,86,64,54,58,47,40,42,33,37,23,20,25,24,16,17,18,20,21,16,11,11,10,5,0,0,0,0,0,0,0,0,0,0,0,0,0,0,0,0,0,0,0,0,0
Tottenham Court Road,2020,SUN,OUT,0,1,1,5,4,7,29,16,22,27,39,37,26,25,26,38,31,23,23,33,23,25,24,41,31,33,35,42,36,27,37,37,42,40,45,53,36,38,45,47,35,43,43,46,50,35,44,38,25,32,31,23,21,36,24,25,20,15,18,17,13,6,7,7,10,8,6,7,6,5,8,3,6,5,4,3,0,0,0,0,0,0,0,0,0,0,0,0,0,0,0,0,0,0,0,0
Oxford Circus,2020,MTT,IN,0,6,11,13,24,19,26,36,51,35,43,50,62,56,60,57,67,66,79,73,85,91,105,104,126,121,125,125,153,158,157,167,187,184,179,193,213,205,243,259,331,314,370,424,582,518,521,534,692,564,634,588,645,527,447,376,434,315,247,223,223,184,154,136,151,124,105,82,92,64,58,54,40,26,20,16,14,11,4,0,0,0,0,0,0,0,0,0,0,0,0,0,0,0,0,1
Oxford Circus,2020,MTT,OUT,1,2,19,93,98,178,322,388,443,568,677,738,563,591,662,771,532,519,547,530,345,321,296,290,222,203,222,232,194,190,195,191,175,183,190,199,158,160,168,170,145,141,151,161,142,148,143,147,133,144,159,155,133,146,138,116,82,81,79,59,49,45,41,34,24,26,24,21,13,14,13,8,8,7,6,5,5,3,6,1,0,0,0,0,0,0,0,0,0,0,0,0,0,0,0,0
Oxford Circus,2020,FRI,IN,0,6,19,13,31,20,28,34,42,46,42,47,63,54,65,51,66,53,68,77,88,98,96,89,120,111,119,130,175,166,150,178,178,199,180,193,233,244,253,276,336,321,392,424,540,497,464,485,589,517,519,476,505,404,344,300,366,278,208,185,177,167,139,119,119,118,110,90,102,84,55,51,61,35,26,19,15,15,4,2,0,0,0,2,0,0,0,0,0,0,0,0,0,0,0,0
Oxford Circus,2020,FRI,OUT,0,2,18,102,83,144,305,371,433,552,620,643,496,489,523,580,459,426,485,454,303,275,276,284,203,202,214,235,191,172,199,177,157,179,217,205,162,155,161,165,159,144,166,178,134,148,156,141,141,138,151,137,133,128,134,107,88,84,71,64,52,56,43,46,34,28,26,22,16,15,16,9,5,8,9,6,2,4,8,0,0,0,0,0,0,0,0,0,0,0,0,0,0,0,0,0
Oxford Circus,2020,SAT,IN,0,6,11,10,31,15,23,27,28,18,18,17,28,21,20,21,26,26,28,36,36,40,52,45,63,67,69,80,95,116,135,142,164,142,134,143,169,160,146,159,190,165,191,205,245,235,293,280,287,290,271,256,286,265,263,240,271,209,167,166,146,133,121,121,131,106,85,87,69,76,72,57,46,33,32,24,21,16,5,2,0,0,0,1,0,0,0,0,0,0,0,0,0,0,1,0
Oxford Circus,2020,SAT,OUT,0,2,9,24,30,64,134,151,142,165,188,176,100,99,135,156,126,122,156,179,120,112,137,150,116,123,135,157,132,141,153,155,158,156,175,166,162,150,174,181,173,199,206,221,212,228,236,268,230,228,216,227,177,178,176,166,120,122,99,91,80,86,63,51,41,34,32,33,23,16,24,14,12,9,11,7,9,6,14,0,0,0,0,0,0,0,0,0,0,0,0,0,0,0,0,0
Oxford Circus,2020,SUN,IN,0,5,10,12,16,14,20,20,27,18,13,17,21,15,12,11,16,14,13,16,18,22,29,28,30,35,38,36,48,57,62,69,82,74,77,81,96,102,114,123,136,130,138,146,170,199,205,219,222,182,185,211,249,223,190,171,153,148,108,91,108,85,75,60,61,55,48,40,46,40,34,29,26,16,17,6,2,1,0,0,0,0,0,0,0,0,0,0,0,0,0,0,0,0,0,0
Oxford Circus,2020,SUN,OUT,0,2,3,6,13,18,51,43,56,50,96,111,59,55,59,80,51,63,88,112,76,77,89,110,93,78,106,114,93,91,95,111,112,115,126,146,137,120,134,141,153,129,160,169,174,167,174,164,163,172,140,126,115,111,97,81,75,64,60,52,44,34,32,26,19,15,21,20,14,10,13,10,6,6,4,16,5,0,0,1,0,0,0,0,0,0,0,0,0,0,0,0,0,0,0,1
Bond Street,2020,MTT,IN,3,9,7,13,39,12,21,26,39,28,31,34,40,43,46,40,45,43,41,45,53,57,58,59,71,75,72,81,97,92,99,97,109,112,113,109,135,137,155,181,246,227,244,303,469,399,416,443,486,418,475,417,525,326,275,235,296,189,149,125,122,107,83,67,89,72,63,54,56,41,51,26,26,17,8,9,8,6,7,1,0,0,0,0,0,0,0,0,0,0,0,0,0,0,0,0
Bond Street,2020,MTT,OUT,3,2,29,51,67,150,317,415,421,513,595,552,396,356,417,443,297,286,288,288,188,174,176,170,132,118,123,127,112,105,108,115,102,99,115,107,95,88,102,90,75,68,80,73,79,75,84,86,75,75,78,79,67,66,64,60,46,41,50,34,33,22,24,20,16,18,22,20,10,10,10,8,6,4,6,5,6,7,8,3,0,0,0,0,0,0,0,0,0,0,0,0,0,0,0,0
Bond Street,2020,FRI,IN,3,9,6,13,42,14,24,30,29,30,23,34,38,51,46,51,46,40,44,51,51,57,51,61,77,61,83,77,98,98,101,90,108,119,117,124,164,153,188,182,258,237,290,343,468,366,376,364,459,361,392,369,378,283,238,222,252,175,131,120,109,83,83,72,97,87,72,62,69,40,42,35,34,19,14,19,14,3,4,0,0,0,0,0,0,0,0,0,0,0,0,0,0,0,0,0
Bond Street,2020,FRI,OUT,3,1,17,58,60,113,337,408,376,498,536,504,354,330,373,381,261,276,255,251,182,152,155,171,101,109,119,132,109,106,121,111,105,105,120,99,97,76,98,77,73,80,84,85,81,93,88,86,67,75,77,67,67,74,68,67,43,46,48,43,34,26,35,22,12,22,11,15,6,14,10,8,9,6,10,14,5,3,7,2,0,0,0,0,0,0,0,0,0,0,0,0,0,0,0,1
Bond Street,2020,SAT,IN,2,11,6,7,30,10,14,18,29,18,9,12,12,17,18,14,18,16,20,18,27,26,30,39,36,38,50,53,75,98,79,115,153,99,102,106,124,112,125,129,178,123,135,156,234,180,172,163,181,186,169,163,167,173,159,140,161,136,104,91,73,85,69,63,83,80,69,44,61,48,52,44,34,23,17,13,10,9,3,2,0,0,0,0,0,0,0,0,0,0,0,0,0,0,0,0
Bond Street,2020,SAT,OUT,2,3,10,22,24,59,152,168,148,154,199,157,101,70,110,118,92,98,115,130,77,76,85,100,80,77,69,87,101,111,106,104,96,94,108,116,94,87,90,99,86,95,97,116,123,126,110,122,117,100,101,87,81,84,78,65,51,49,62,42,36,27,28,27,22,23,14,16,15,8,18,16,6,6,6,5,4,5,10,3,0,0,0,0,0,0,0,0,0,0,0,0,0,0,0,0
Bond Street,2020,SUN,IN,2,6,7,8,16,11,14,27,24,11,10,10,15,13,13,9,7,9,8,8,15,15,18,16,19,17,22,20,31,33,47,53,60,60,50,59,69,55,75,88,96,79,97,105,137,124,121,132,170,155,152,131,168,147,144,115,123,81,64,56,59,55,41,33,44,34,27,31,29,29,38,21,15,13,8,7,2,0,0,0,0,0,0,0,0,0,0,0,0,0,0,0,0,0,0,0
Bond Street,2020,SUN,OUT,2,2,7,5,16,15,40,42,52,41,94,89,51,47,45,59,40,43,62,75,57,50,80,95,58,60,70,84,55,53,55,74,65,63,79,75,81,77,81,82,70,77,71,88,83,96,95,90,81,75,75,64,64,50,48,57,29,40,46,29,22,16,19,12,11,13,16,17,5,6,9,8,6,6,5,8,6,0,0,0,0,0,0,0,0,0,0,0,0,0,0,0,0,0,0,0
Marble Arch,2020,MTT,IN,0,0,5,6,7,8,10,18,19,20,22,23,28,21,24,19,24,17,16,16,19,19,21,24,23,21,23,27,34,27,33,36,35,36,35,42,53,51,48,58,74,68,86,129,222,159,179,192,221,151,170,138,141,85,69,58,75,45,41,42,50,27,29,25,22,20,18,15,22,15,13,11,14,7,10,5,7,4,2,0,0,0,0,0,0,0,0,0,0,0,0,0,0,0,0,0
Marble Arch,2020,MTT,OUT,0,1,1,5,34,57,106,163,208,225,234,233,168,137,122,132,86,69,75,82,51,46,53,50,45,32,36,42,34,35,35,39,38,40,34,45,40,28,36,39,30,31,39,33,32,37,34,34,34,34,36,40,33,32,30,26,24,20,18,17,16,11,12,12,9,8,8,7,5,4,4,4,4,3,2,2,2,3,3,0,0,0,0,0,0,0,0,0,0,0,0,0,0,0,0,0
Marble Arch,2020,FRI,IN,0,0,6,5,9,9,13,17,17,21,20,23,26,14,26,19,18,17,19,17,17,18,15,23,25,22,24,30,32,35,40,40,40,42,48,48,53,56,60,68,106,77,92,156,229,183,186,157,202,128,124,100,144,79,65,57,67,51,46,38,39,32,26,30,26,24,22,23,26,21,17,21,15,12,11,8,8,7,2,0,0,0,0,0,0,0,0,0,0,0,0,0,0,0,0,0
Marble Arch,2020,FRI,OUT,0,0,0,5,35,41,121,140,215,224,253,211,149,126,114,114,70,80,65,73,51,38,52,53,27,26,32,45,31,28,36,32,35,35,45,36,41,36,35,43,33,49,43,37,39,38,38,43,43,31,35,43,34,34,37,31,25,25,25,23,15,17,15,10,16,11,10,7,6,6,6,3,4,4,3,4,3,2,3,0,0,0,0,0,0,0,0,0,0,0,0,0,0,0,0,0
Marble Arch,2020,SAT,IN,0,0,3,2,4,7,7,11,11,10,6,5,12,7,4,5,4,9,8,10,13,17,9,13,20,20,17,17,31,45,40,46,75,46,57,57,59,53,66,60,110,65,74,80,83,80,93,75,79,68,59,67,47,49,39,42,52,46,26,37,28,20,25,18,21,18,14,14,16,12,12,20,13,10,7,14,8,6,2,0,0,0,0,0,0,0,0,0,0,0,0,0,0,0,0,0
Marble Arch,2020,SAT,OUT,0,0,0,3,14,18,50,67,109,109,118,74,50,40,38,37,24,20,29,32,20,20,31,34,38,29,43,51,42,46,44,61,62,56,59,81,63,57,69,57,61,51,44,45,35,34,36,35,23,35,38,19,24,28,20,21,12,16,14,20,14,11,15,7,6,6,6,6,6,8,6,4,3,7,3,6,2,5,4,0,0,0,0,0,0,0,0,0,0,0,0,0,0,0,0,0
Marble Arch,2020,SUN,IN,0,0,5,2,5,7,6,6,12,9,5,4,6,4,4,4,8,9,4,6,7,14,7,10,9,12,14,12,16,15,26,27,31,26,32,29,63,35,29,51,55,51,59,50,59,47,42,33,49,45,47,38,50,34,44,38,36,24,25,28,23,15,18,18,17,20,15,10,13,12,7,10,15,8,4,2,0,0,0,0,0,0,0,0,0,0,0,0,0,0,0,0,0,0,0,0
Marble Arch,2020,SUN,OUT,0,0,1,1,5,13,15,18,19,42,51,59,22,17,23,20,16,13,23,25,17,20,23,27,34,23,24,36,40,34,37,50,53,55,60,62,67,58,50,58,40,43,43,28,33,23,42,23,18,27,22,23,18,18,17,21,12,14,13,9,10,10,13,7,9,6,6,8,2,2,5,3,5,4,3,4,0,0,0,0,0,0,0,0,0,0,0,0,0,0,0,0,0,0,0,0
